Front,Back,Extra,Tags
"A global financial services company requires centralized identity management for 50,000 employees across 20 subsidiaries. Each subsidiary demands autonomy over user lifecycle management while maintaining corporate security policies. The solution must support conditional access and PIM across all entities.<br><br>A) Single Azure AD tenant with administrative units<br>B) Azure AD B2B with multiple guest tenants<br>C) Separate Azure AD tenant per subsidiary with B2B collaboration","A) Single Azure AD tenant with administrative units","Administrative units enable delegated administration within a single tenant while maintaining centralized governance, conditional access, and PIM policies. Multiple tenants fragment identity management and complicate cross-subsidiary collaboration. B2B is for external partners, not internal subsidiaries requiring full lifecycle management.","AZ-305 IdentityGovernance IdentityManagement"
"An application processes sensitive healthcare data and must encrypt secrets at rest with customer-managed keys rotated every 90 days. Key operations must be auditable with hardware-backed protection. Access requires approval from two security officers.<br><br>A) Azure Key Vault Premium with managed HSM and access policies<br>B) Azure Key Vault Standard with Azure RBAC and rotation policies<br>C) Azure Dedicated HSM with custom key management","A) Azure Key Vault Premium with managed HSM and access policies","Premium tier provides HSM-backed keys (FIPS 140-2 Level 3). Access policies support multi-person authorization for key operations. Managed HSM offers full control over HSM resources. Standard tier lacks HSM backing. Azure Dedicated HSM is for legacy applications requiring exclusive HSM access, adding unnecessary complexity.","AZ-305 IdentityGovernance SecretManagement"
"A multinational corporation needs to enforce that all Azure Cosmos DB accounts use private endpoints and prohibit public network access across 200 subscriptions spanning 15 business units. Compliance must be audited monthly with automatic remediation.<br><br>A) Azure Policy with DeployIfNotExists effect and compliance reporting<br>B) Azure Blueprints with locked resource groups<br>C) Management group hierarchy with Azure RBAC deny assignments","A) Azure Policy with DeployIfNotExists effect and compliance reporting","Azure Policy at management group scope enforces configuration across subscriptions. DeployIfNotExists automatically remediates non-compliant resources. Built-in compliance dashboard tracks violations. Blueprints are for initial deployment, not ongoing enforcement. RBAC deny assignments prevent actions but don't remediate existing configurations.","AZ-305 IdentityGovernance Governance"
"A SaaS application serves 10,000 customer organizations, each requiring isolated identity domains with custom branding and MFA policies. Customers must federate their corporate identity providers (SAML/OIDC). Authentication must handle 100,000 logins per day with sub-second response times.<br><br>A) Azure AD B2C with custom policies and identity providers<br>B) Azure AD B2B with external identities<br>C) Multiple Azure AD tenants with Azure Front Door","A) Azure AD B2C with custom policies and identity providers","B2C is purpose-built for customer identity with multi-tenancy, custom branding per tenant, IDP federation (SAML/OIDC), and custom policies for complex authentication flows. Scales to millions of users. B2B is for business partnerships, not customer-facing multi-tenant SaaS. Multiple AD tenants don't provide isolation per customer organization.","AZ-305 IdentityGovernance Authentication"
"An enterprise must collect, analyze, and retain Azure Activity Logs, resource logs, and metrics from 500 resources across multiple regions for 7 years to meet regulatory requirements. Queries must support complex analytics with sub-second performance on recent data.<br><br>A) Azure Monitor Logs workspace with data export to Azure Storage Archive<br>B) Azure Event Hubs with Stream Analytics to Cosmos DB<br>C) Azure Storage Archive with direct query capability","A) Azure Monitor Logs workspace with data export to Azure Storage Archive","Log Analytics workspace provides real-time querying with KQL for recent data. Export to Archive Storage reduces costs for long-term retention (7 years). Event Hubs doesn't provide log aggregation or long-term storage. Storage Archive alone lacks query capabilities without rehydration.","AZ-305 IdentityGovernance Monitoring"
"A microservices application on AKS requires distributed tracing across 50 services, with automatic dependency mapping, performance anomaly detection, and correlation of user transactions across services. Telemetry must integrate with Prometheus metrics.<br><br>A) Application Insights with distributed tracing and OpenTelemetry<br>B) Azure Monitor Logs with custom KQL queries<br>C) Grafana with Prometheus exporters","A) Application Insights with distributed tracing and OpenTelemetry","Application Insights provides native distributed tracing, automatic dependency mapping, smart detection for anomalies, and transaction correlation. OpenTelemetry integration supports Prometheus metrics ingestion. Azure Monitor Logs lacks automatic application topology mapping. Grafana/Prometheus requires manual instrumentation and lacks transaction correlation.","AZ-305 IdentityGovernance Monitoring"
"A healthcare organization requires Azure resources to be organized for chargeback to 5 business divisions, 20 departments, and 100 cost centers. Resource deployments must enforce tagging, with automatic cost analysis dashboards per hierarchy level. Non-compliant resources must be blocked at creation.<br><br>A) Management groups with Azure Policy tag inheritance and Cost Management<br>B) Subscriptions per department with Azure RBAC<br>C) Resource groups per cost center with manual tagging","A) Management groups with Azure Policy tag inheritance and Cost Management","Management group hierarchy mirrors organizational structure. Azure Policy enforces required tags with Deny effect (blocks non-compliant deployments) and inherit tags from parent scopes. Cost Management automatically aggregates costs by tags. Subscriptions per department don't scale to 100 cost centers. Manual tagging lacks enforcement.","AZ-305 IdentityGovernance Governance"
"A financial application must ensure privileged access to production subscriptions requires just-in-time activation with multi-factor authentication, business justification, and automatic expiration after 4 hours. All activations must trigger alerts to SOC.<br><br>A) Azure AD Privileged Identity Management with approval workflow<br>B) Azure RBAC with time-bound role assignments<br>C) Azure AD Conditional Access with MFA","A) Azure AD Privileged Identity Management with approval workflow","PIM provides JIT activation, multi-factor authentication at activation, approval workflows, business justification requirements, time-bound access (configurable duration), and activation alerts. Azure RBAC doesn't support JIT or approval workflows natively. Conditional Access enforces MFA but lacks JIT and time-bound access.","AZ-305 IdentityGovernance IdentityGovernance"
"An IoT solution ingests telemetry from 1 million devices at 10,000 events/second. Monitoring must detect device anomalies in real-time, track device connectivity patterns, and generate alerts when event ingestion drops below 8,000 events/second for 5 minutes.<br><br>A) Azure Monitor metrics with alert rules and action groups<br>B) Application Insights with custom events and smart detection<br>C) Log Analytics workspace with scheduled KQL queries","A) Azure Monitor metrics with alert rules and action groups","Azure Monitor metrics natively collect IoT Hub/Event Hub metrics (events per second, device connections). Alert rules support threshold-based alerts with time aggregation (5-minute windows). Action groups route alerts to SOC. Application Insights is for application telemetry, not infrastructure metrics. Log queries add latency vs. real-time metrics.","AZ-305 IdentityGovernance Monitoring"
"A government agency must ensure all Azure SQL databases in 80 subscriptions enable Transparent Data Encryption with customer-managed keys, audit logging to immutable storage, and Advanced Threat Protection. Non-compliant databases must be automatically configured, and compliance must be visible in a central dashboard.<br><br>A) Azure Policy with DeployIfNotExists and compliance dashboard<br>B) Azure Security Center with security policies<br>C) Azure Blueprints with ARM templates","A) Azure Policy with DeployIfNotExists and compliance dashboard","Azure Policy DeployIfNotExists effect automatically remediates non-compliant resources by deploying required configurations. Built-in policies exist for SQL TDE, auditing, and ATP. Compliance dashboard aggregates status across subscriptions. Security Center recommends configurations but doesn't enforce or auto-remediate. Blueprints are for initial provisioning, not ongoing compliance.","AZ-305 IdentityGovernance Governance"
"A web application uses Managed Identity to access Azure Key Vault, Cosmos DB, and Storage. The application runs in AKS and must minimize privilege by granting access only to specific Key Vault secrets, Cosmos DB containers, and Storage containers. Identity should not require credential management.<br><br>A) User-assigned Managed Identity with Azure RBAC at resource scope<br>B) System-assigned Managed Identity with access policies<br>C) Service Principal with certificate authentication","A) User-assigned Managed Identity with Azure RBAC at resource scope","User-assigned MI can be shared across pods and provides lifecycle management independent of workload. Azure RBAC grants granular permissions (e.g., specific secrets, containers). No credential management required. System-assigned MI is tied to single resource lifecycle. Service Principal requires certificate rotation and management.","AZ-305 IdentityGovernance Authorization"
"A multi-tenant application must authorize users to access resources in their own tenant based on custom claims (e.g., department, clearance level) evaluated dynamically from an HR system API during each request. Authorization rules must be centrally managed and auditable.<br><br>A) Azure AD with custom security attributes and Conditional Access policies<br>B) API Management with policy expressions and external authorization service<br>C) Application code with JWT claim validation","A) Azure AD with custom security attributes and Conditional Access policies","Custom security attributes allow storing custom claims (department, clearance) in Azure AD. Conditional Access policies evaluate claims dynamically per-request with external API integration. Centrally managed in Azure AD with audit logs. API Management doesn't provide identity-aware authorization at scale. Application code lacks centralized management and auditability.","AZ-305 IdentityGovernance Authorization"
"An organization has 100 subscriptions across 10 Azure AD tenants due to acquisitions. A project requires cross-tenant resource access with centralized identity management, unified billing, and consistent governance policies. Migration to a single tenant is not feasible in the short term.<br><br>A) Azure Lighthouse with delegated resource management<br>B) Azure AD B2B with guest access to each tenant<br>C) Azure Resource Mover to consolidate subscriptions","A) Azure Lighthouse with delegated resource management","Lighthouse enables cross-tenant management with Azure RBAC delegation. Managing tenant sees all resources in a unified view, enforces policies, and provides centralized billing. B2B guest access doesn't consolidate management or governance. Resource Mover relocates resources but doesn't solve multi-tenant governance challenges.","AZ-305 IdentityGovernance Governance"
"A machine learning application requires access to thousands of API keys, database passwords, and certificates across development, staging, and production environments. Secrets must be versioned, access must be audited, and applications must retrieve secrets without code changes when rotating.<br><br>A) Azure Key Vault with secret versioning and references in App Configuration<br>B) Azure App Service application settings with slot settings<br>C) Azure DevOps variable groups with secured variables","A) Azure Key Vault with secret versioning and references in App Configuration","Key Vault provides secret versioning, audit logs, automatic rotation notifications, and retrieval via URI (no code changes). App Configuration centrally manages references to Key Vault secrets per environment. App Service settings lack versioning and audit. DevOps variable groups are for CI/CD, not runtime secret access.","AZ-305 IdentityGovernance SecretManagement"
"A compliance requirement mandates recording every privileged operation (e.g., role assignments, policy changes, key access) across 200 Azure subscriptions with tamper-proof storage for 10 years. Logs must be searchable for forensic investigations.<br><br>A) Azure Activity Logs exported to Log Analytics with immutable storage archive<br>B) Azure Monitor with data export to Event Hubs<br>C) Azure Storage with append-only blob containers","A) Azure Activity Logs exported to Log Analytics with immutable storage archive","Activity Logs capture control plane operations (RBAC, policy, etc.). Export to Log Analytics enables KQL queries for investigations. Archive to immutable Storage (WORM policy) ensures tamper-proof retention for 10 years. Event Hubs is for streaming, not long-term storage. Append-only blobs lack query capabilities.","AZ-305 IdentityGovernance Monitoring"
"An application requires conditional access policies that deny access from non-corporate devices unless the user is in a specific security group and the application risk level is low. MFA must be required for all external network access regardless of device compliance.<br><br>A) Azure AD Conditional Access with multiple conditions and controls<br>B) Azure AD Identity Protection with risk-based policies<br>C) Azure Firewall with application rules","A) Azure AD Conditional Access with multiple conditions and controls","Conditional Access supports multiple conditions (device compliance, group membership, risk level, network location) combined with AND/OR logic. Controls enforce MFA or block access. Identity Protection calculates risk but doesn't enforce multi-condition policies. Azure Firewall operates at network layer, not identity layer.","AZ-305 IdentityGovernance Authentication"
"A global organization must route Azure Monitor Logs from 500 resources in 10 regions to separate Log Analytics workspaces per region for data residency compliance, with a central workspace for global queries. Regional logs must never leave their geography.<br><br>A) Diagnostic settings per resource with workspace destinations and cross-workspace queries<br>B) Azure Event Hubs with regional namespaces and Stream Analytics<br>C) Azure Data Factory with regional pipelines copying logs","A) Diagnostic settings per resource with workspace destinations and cross-workspace queries","Diagnostic settings send resource logs to region-specific workspaces (ensures data residency). Cross-workspace queries in Log Analytics aggregate data for global analysis without moving data. Event Hubs adds complexity without log retention. Data Factory is for data movement, violating residency requirements.","AZ-305 IdentityGovernance Monitoring"
"A containerized application on AKS must authenticate to Azure SQL, Key Vault, and Cosmos DB using Managed Identity without storing credentials. Different pods must have different permissions based on workload identity. Solution must support Kubernetes RBAC integration.<br><br>A) Azure AD Workload Identity with federated credentials<br>B) System-assigned Managed Identity on AKS cluster<br>C) Service Principal per pod with Kubernetes secrets","A) Azure AD Workload Identity with federated credentials","Workload Identity federates Kubernetes service accounts with Azure AD identities, enabling per-pod identity with Managed Identity benefits. Integrates with Kubernetes RBAC. System-assigned MI applies cluster-wide, not per-pod. Service Principals require credential management in secrets.","AZ-305 IdentityGovernance Authentication"
"An enterprise must enforce that all resource groups in 50 subscriptions inherit tags (CostCenter, Environment, Owner) from parent management groups. New resource groups without these tags must be denied creation. Existing non-compliant groups must be tagged automatically.<br><br>A) Azure Policy with Deny and Modify effects at management group scope<br>B) Azure Resource Manager templates with required parameters<br>C) Azure Automation runbook triggered by Event Grid","A) Azure Policy with Deny and Modify effects at management group scope","Azure Policy Deny effect prevents creation of non-compliant resource groups. Modify effect auto-remediates existing resources by adding missing tags. Inherit tag policies copy tags from management group. ARM templates don't enforce tags at scale. Runbooks add operational overhead and delay.","AZ-305 IdentityGovernance Governance"
"A workload requires monitoring 200 VMs for CPU, memory, disk, and network metrics with sub-minute granularity. Alerts must trigger when average CPU exceeds 80% across all VMs for 3 minutes or when any single VM disk space drops below 10%. Custom performance counters must be collected.<br><br>A) Azure Monitor VM Insights with metrics and alert rules<br>B) Log Analytics with performance counters and scheduled queries<br>C) Azure Monitor Logs with diagnostics extension","A) Azure Monitor VM Insights with metrics and alert rules","VM Insights automatically collects detailed performance metrics with 1-minute granularity, including custom counters, with minimal configuration. Alert rules support multi-resource conditions (average across VMs) and single-resource thresholds. Log-based monitoring adds query latency vs. near-real-time metrics.","AZ-305 IdentityGovernance Monitoring"
"A regulated workload must ensure administrators cannot assign themselves privileged roles without approval. All role activations require justification and time-bound access (maximum 8 hours). Security team must review all activations weekly.<br><br>A) Azure AD Privileged Identity Management with approval workflow and access reviews<br>B) Azure Policy with role assignment restrictions<br>C) Azure RBAC with custom roles and deny assignments","A) Azure AD Privileged Identity Management with approval workflow and access reviews","PIM enforces approval workflows for role activation, requires justification, and limits access duration (configurable up to 8 hours). Access reviews provide periodic certification of privileged access. Azure Policy can't control role activation workflows. RBAC doesn't support approval or JIT.","AZ-305 IdentityGovernance IdentityGovernance"
"A financial application stores transaction records in Azure SQL Database with millions of INSERTs per day. Data older than 90 days is rarely queried but must be retained for 7 years for compliance. Recent data requires sub-second query performance. Solution must minimize costs.<br><br>A) SQL Database with temporal tables and automatic data archiving to Azure Storage<br>B) SQL Database with partitioning and read replicas<br>C) Cosmos DB with TTL and change feed to Archive Storage","A) SQL Database with temporal tables and automatic data archiving to Azure Storage","Temporal tables provide automatic historical data tracking. Data retention policies automatically move old data to cheaper Azure Storage (reducing SQL storage costs) while maintaining queryability. Partitioning improves performance but doesn't reduce costs. Cosmos DB TTL deletes data, not archives it.","AZ-305 DataStorage RelationalData"
"A global e-commerce platform requires a database with single-digit millisecond reads/writes from 20 geographic regions, with automatic conflict resolution for concurrent updates. Data must be strongly consistent in the primary region and eventually consistent globally. RPO must be zero.<br><br>A) Azure Cosmos DB with multi-region writes and custom conflict resolution<br>B) Azure SQL Database with active geo-replication<br>C) Azure Database for PostgreSQL with read replicas","A) Azure Cosmos DB with multi-region writes and custom conflict resolution","Cosmos DB supports multi-region writes with configurable consistency levels (strong in primary, eventual globally). Custom conflict resolution policies (last-writer-wins, custom procedures) handle concurrent updates. Zero RPO with synchronous replication in write regions. SQL geo-replication requires manual failover and doesn't support multi-write. PostgreSQL replicas are read-only.","AZ-305 DataStorage RelationalData"
"A data warehouse stores 500 TB of historical sales data queried monthly for executive reports. Queries analyze 3-5 years of data with complex aggregations. Current solution uses Azure SQL Database at DTU premium tier with monthly costs exceeding $15,000. Queries can tolerate 30-second start latency.<br><br>A) Azure Synapse Analytics serverless SQL pool with data in Azure Data Lake Storage<br>B) Azure SQL Database with read-scale-out replicas<br>C) Azure Cosmos DB with analytical store","A) Azure Synapse Analytics serverless SQL pool with data in Azure Data Lake Storage","Serverless SQL pool charges only for data scanned during queries (pay-per-query), not continuous compute. Ideal for infrequent querying of massive datasets in ADLS Gen2. Supports complex SQL analytics. Read replicas reduce primary load but don't reduce costs. Cosmos DB analytical store suited for operational analytics, not data warehouse scale.","AZ-305 DataStorage RelationalData"
"A SaaS application serves 10,000 tenants with isolated databases per tenant (database-per-tenant model). Each tenant database is 5-50 GB. The solution must maximize resource utilization, simplify management, and provide per-tenant performance isolation with automatic scaling.<br><br>A) Azure SQL Database elastic pools with per-database min/max eDTU settings<br>B) Azure SQL Managed Instance with collocation<br>C) Separate SQL Database servers per tenant","A) Azure SQL Database elastic pools with per-database min/max eDTU settings","Elastic pools share resources across multiple databases (cost efficiency) while allowing per-database limits (performance isolation). Automatically scales resources based on aggregate demand. Simplifies management (single pool vs. thousands of servers). Managed Instance doesn't offer per-database resource controls. Separate servers maximize cost and management complexity.","AZ-305 DataStorage RelationalData"
"A machine learning workload stores 10 PB of unstructured training data (images, videos) accessed randomly during model training. Data is write-once, read-many with training jobs requiring maximum throughput. Data must be encrypted with customer-managed keys and support lifecycle management to archive data after 180 days.<br><br>A) Azure Blob Storage Premium block blobs with lifecycle management and CMK<br>B) Azure Data Lake Storage Gen2 with hierarchical namespace<br>C) Azure Files Premium with SMB protocol","A) Azure Blob Storage Premium block blobs with lifecycle management and CMK","Premium block blobs provide highest throughput for random access workloads. Lifecycle management policies automatically move data to Archive tier after 180 days. Supports CMK encryption. ADLS Gen2 optimized for analytics (sequential reads), not random access ML training. Azure Files suited for shared file systems, not blob-scale ML datasets.","AZ-305 DataStorage UnstructuredData"
"A healthcare application stores millions of DICOM medical images (each 50-500 MB) that must be available for immediate retrieval during patient visits. Images older than 5 years are accessed less than once per year but must remain retrievable within 15 hours. Solution must minimize storage costs.<br><br>A) Azure Blob Storage Hot tier with lifecycle policy to Archive tier after 5 years<br>B) Azure Blob Storage Cool tier with manual migration<br>C) Azure Files with tiering to Azure NetApp Files","A) Azure Blob Storage Hot tier with lifecycle policy to Archive tier after 5 years","Hot tier provides immediate access for recent images. Lifecycle policies automatically transition blobs to Archive tier after 5 years (lowest cost). Archive retrieval supports rehydration within 15 hours. Cool tier more expensive than Archive for rarely accessed data. Azure Files doesn't support automatic tiering to low-cost archive.","AZ-305 DataStorage UnstructuredData"
"A financial services application stores audit logs as JSON files in Azure Storage, totaling 50 TB annually. Logs must be immutable for 7 years (WORM compliance), queryable without moving data, and support granular access control per compliance team reviewing specific log types.<br><br>A) Azure Data Lake Storage Gen2 with immutable blob storage and Azure RBAC<br>B) Azure Blob Storage with legal hold and shared access signatures<br>C) Azure Cosmos DB with analytical store and TTL","A) Azure Data Lake Storage Gen2 with immutable blob storage and Azure RBAC","ADLS Gen2 immutable storage provides time-based retention (WORM) for compliance. Native querying via Synapse/Databricks without data movement. Hierarchical namespace enables folder-level RBAC for granular access control. Legal hold doesn't enforce time-based retention automatically. Cosmos DB unsuited for massive log file storage.","AZ-305 DataStorage UnstructuredData"
"A media streaming platform stores 100 TB of video files in Azure Storage, accessed by 1 million users globally. Content must be delivered with low latency worldwide, with 95% of requests served within 50ms. Storage costs must be minimized while maintaining high availability.<br><br>A) Azure Blob Storage with Azure CDN Premium and geo-redundant storage<br>B) Azure Storage with read-access geo-redundant storage and geofiltering<br>C) Azure Files Premium with global file sync","A) Azure Blob Storage with Azure CDN Premium and geo-redundant storage","Azure CDN caches content at edge locations globally (low-latency delivery). Premium CDN provides advanced caching rules and performance optimization. GRS provides storage redundancy. RA-GRS without CDN can't meet 50ms latency globally. Azure Files Premium lacks CDN integration for web delivery.","AZ-305 DataStorage UnstructuredData"
"A data analytics workload processes 5 TB of IoT telemetry daily, stored as Parquet files in Azure Storage. Queries filter by device ID, timestamp, and sensor type. Data scientists run ad-hoc queries requiring sub-second results filtering on metadata without scanning entire files.<br><br>A) Azure Data Lake Storage Gen2 with Azure Synapse Analytics and partition pruning<br>B) Azure Blob Storage with Azure Data Explorer<br>C) Azure Table Storage with partition and row keys","A) Azure Data Lake Storage Gen2 with Azure Synapse Analytics and partition pruning","ADLS Gen2 hierarchical namespace enables folder partitioning by device/timestamp. Synapse serverless SQL pools support partition pruning (only scans relevant partitions), dramatically reducing query time and cost. Data Explorer suited for time-series, not file-based analytics. Table Storage doesn't support Parquet or complex queries.","AZ-305 DataStorage UnstructuredData"
"A enterprise data warehouse ingests data from 50 on-premises SQL Server databases, 20 SaaS applications (Salesforce, SAP), and 100 Azure services. Data must be transformed and loaded nightly into Azure Synapse Analytics. Solution requires no-code data integration with monitoring and error handling.<br><br>A) Azure Data Factory with mapping data flows and monitoring pipelines<br>B) Azure Databricks with Spark jobs and notebooks<br>C) Azure Logic Apps with connectors and workflows","A) Azure Data Factory with mapping data flows and monitoring pipelines","Data Factory provides 90+ native connectors for on-premises, SaaS, and Azure sources. Mapping data flows offer no-code visual ETL. Built-in monitoring, alerting, and retry logic. Databricks requires code (Spark) and lacks pre-built connectors. Logic Apps suited for workflows, not large-scale ETL.","AZ-305 DataStorage DataIntegration"
"A retail company has data in Azure SQL Database, Cosmos DB, and Data Lake Storage that must be combined for Power BI dashboards with sub-second query performance. Data refreshes every 15 minutes. Business users require self-service querying without understanding underlying storage technologies.<br><br>A) Azure Synapse Analytics with serverless SQL pools and logical data warehouse<br>B) Azure Data Factory with incremental copies to Synapse dedicated pool<br>C) Power BI DirectQuery to each data source","A) Azure Synapse Analytics with serverless SQL pools and logical data warehouse","Serverless SQL pools create unified views across SQL, Cosmos, and ADLS without data movement. Supports T-SQL queries over heterogeneous sources. Integrates natively with Power BI. Dedicated pools require data movement (latency, cost). DirectQuery to multiple sources lacks performance optimization and unified schema.","AZ-305 DataStorage DataIntegration"
"A financial application stores transactional data in Azure SQL Database (100 GB, 10,000 transactions/sec) and requires read-only analytics queries without impacting OLTP performance. Analytics queries scan large date ranges and execute every 5 minutes. Solution must minimize costs and replication lag.<br><br>A) SQL Database Hyperscale with read-scale-out replicas<br>B) SQL Database with active geo-replication and read replica<br>C) Cosmos DB with analytical store","A) SQL Database Hyperscale with read-scale-out replicas","Hyperscale read replicas provide near-zero replication lag, isolate analytics workload from primary OLTP, and scale independently. Supports up to 4 read replicas included in pricing. Geo-replication designed for disaster recovery, not analytics offloading, with higher replication lag. Cosmos DB requires data migration from SQL.","AZ-305 DataStorage DataIntegration"
"A healthcare organization stores patient records in Azure SQL Database and must replicate data to Azure Synapse Analytics nightly for compliance reporting. Data contains PII that must be masked during replication. Failed pipelines must retry up to 3 times with alerts to operations team.<br><br>A) Azure Data Factory with masking transformations, retry policy, and alert actions<br>B) Azure SQL Data Sync with firewall rules<br>C) Azure Synapse pipeline with stored procedures","A) Azure Data Factory with masking transformations, retry policy, and alert actions","Data Factory mapping data flows support column-level masking transformations. Pipeline retry policies handle transient failures. Alert actions integrate with email, Logic Apps, or webhook. SQL Data Sync for bidirectional sync between SQL databases, not analytics. Synapse pipelines lack built-in masking and sophisticated error handling.","AZ-305 DataStorage DataIntegration"
"A manufacturing IoT solution captures time-series sensor data (temperature, pressure, vibration) from 100,000 devices at 1 event/second/device. Data must be stored for 1 year with queries aggregating by device, sensor type, and time windows. Solution must optimize for time-series queries and minimize costs.<br><br>A) Azure Data Explorer with time-series optimized storage and materialized views<br>B) Azure Cosmos DB with time-series containers<br>C) Azure SQL Database with time-series tables","A) Azure Data Explorer with time-series optimized storage and materialized views","Data Explorer purpose-built for time-series analytics with columnar storage, automatic data compression, and time-series functions (aggregations, interpolation). Materialized views pre-compute aggregations for fast queries. Scales to billions of events. Cosmos DB expensive for massive time-series. SQL time-series lacks native time-series optimizations.","AZ-305 DataStorage DataIntegration"
"A media company stores 50 TB of JSON event logs in Azure Data Lake Storage Gen2. Data scientists require SQL querying without moving data or provisioning databases. Queries execute 10-20 times per month analyzing specific date ranges (1-7 days of data per query).<br><br>A) Azure Synapse Analytics serverless SQL pool with OPENROWSET<br>B) Azure Databricks with Delta Lake<br>C) Azure Data Factory with data flows","A) Azure Synapse Analytics serverless SQL pool with OPENROWSET","Serverless SQL pools enable T-SQL queries directly over files in ADLS Gen2 using OPENROWSET (no data movement). Pay-per-query pricing ideal for infrequent usage. Supports JSON parsing. Databricks requires Spark knowledge and continuous compute. Data Factory for ETL, not ad-hoc querying.","AZ-305 DataStorage DataIntegration"
"A global application stores customer profile data (name, address, preferences) totaling 10 TB. Data must be replicated across 5 Azure regions with automatic failover, strong consistency for reads/writes in the primary region, and eventual consistency in secondary regions. RPO must be zero in the primary region.<br><br>A) Azure Cosmos DB with multi-region writes and session consistency in primary region<br>B) Azure SQL Database with auto-failover groups and synchronous replication<br>C) Azure Storage with geo-redundant storage","A) Azure Cosmos DB with multi-region writes and session consistency in primary region","Cosmos DB supports multi-region writes with tunable consistency (strong in primary via bounded staleness, eventual in secondary). Automatic failover with RPO zero via synchronous replication in write region. SQL auto-failover limited to 2 regions with async secondary. GRS for blobs, not structured profile data with consistency requirements.","AZ-305 DataStorage DataProtection"
"A database workload requires 1 TB storage that doubles annually. Current Azure SQL Database General Purpose tier approaches max capacity. Workloads are transaction-heavy (50,000 IOPS) with unpredictable scaling. Solution must support growth to 100 TB without downtime and scale storage independently from compute.<br><br>A) Azure SQL Database Hyperscale tier<br>B) Azure SQL Managed Instance<br>C) Azure Cosmos DB with autoscale","A) Azure SQL Database Hyperscale tier","Hyperscale tier scales storage independently to 100 TB+ without downtime. Supports high IOPS (up to 100,000+) and instant snapshots. Storage auto-grows on demand. Managed Instance limited to 8-16 TB depending on hardware. Cosmos DB requires application refactoring for NoSQL model.","AZ-305 DataStorage DatabaseScalability"
"A web application database experiences predictable load of 1,000 DTU during business hours (8 AM - 6 PM) and 100 DTU overnight. Database must automatically scale down overnight to reduce costs and scale up before business hours to maintain performance.<br><br>A) Azure SQL Database serverless tier with auto-pause and auto-resume<br>B) Azure SQL Database with Azure Automation scaling scripts<br>C) Azure SQL Elastic Pool with DTU-based scaling","A) Azure SQL Database serverless tier with auto-pause and auto-resume","Serverless tier automatically scales compute based on workload demand (1-100 DTU equivalent in vCores) and pauses during inactivity (no compute charges). Auto-resumes on first request. Ideal for intermittent workloads. Automation scripts add operational overhead and delay. Elastic pools for multi-database scenarios, not single database with predictable patterns.","AZ-305 DataStorage DatabaseScalability"
"A video processing application encodes uploaded videos (1 TB per day) and stores results in Azure Blob Storage. Processing occurs in batches nightly. Current solution uses locally redundant storage (LRS). Business requires protection against regional failures with 4-hour RPO and automatic failover.<br><br>A) Geo-redundant storage (GRS) with read-access geo-redundant storage (RA-GRS)<br>B) Zone-redundant storage (ZRS) with lifecycle management<br>C) Locally redundant storage with Azure Backup","A) Geo-redundant storage (GRS) with read-access geo-redundant storage (RA-GRS)","GRS replicates data to secondary region (300+ miles away), providing regional disaster recovery. RA-GRS enables read access to secondary region during primary outage. RPO typically 15 minutes (well within 4 hours). ZRS protects against zone failures in single region. Azure Backup for long-term retention, not geo-redundancy.","AZ-305 DataStorage DataProtection"
"A financial application requires hybrid connectivity between on-premises data center and Azure SQL Database with <10ms latency, private connectivity (no public internet), and throughput up to 10 Gbps. Solution must support multiple subscriptions and virtual networks.<br><br>A) ExpressRoute with private peering and VNet integration<br>B) Site-to-site VPN with VPN Gateway<br>C) Azure SQL Database private endpoint with VPN","A) ExpressRoute with private peering and VNet integration","ExpressRoute provides dedicated private connection (bypasses internet) with predictable latency <10ms and bandwidth up to 100 Gbps. Supports VNet peering across subscriptions. Site-to-site VPN limited to 1.25 Gbps per tunnel with variable latency over internet. Private endpoint provides private IP but doesn't solve hybrid connectivity.","AZ-305 DataStorage DataProtection"
"A mission-critical application requires Azure SQL Database to withstand datacenter failures within a region with RPO of zero and RTO under 1 minute. The database must continue operating without data loss during zone outages.<br><br>A) Azure SQL Database Business Critical tier with zone-redundant configuration<br>B) Azure SQL Database with active geo-replication<br>C) Azure SQL Managed Instance with zone redundancy","A) Azure SQL Database Business Critical tier with zone-redundant configuration","Business Critical tier with zone redundancy replicates database synchronously across 3 availability zones (RPO zero). Automatic failover occurs within 30-60 seconds (RTO <1 min). Geo-replication provides regional redundancy but asynchronous (RPO >0). Managed Instance zone redundancy available but for instance-level, not matching single database requirement.","AZ-305 BusinessContinuity HighAvailability"
"A containerized microservices application on AKS must remain available during node failures, planned maintenance, and zone outages. Services must autoscale from 10 to 100 pods based on CPU and custom metrics (queue depth). Solution must support multiple node pools across availability zones.<br><br>A) AKS with system node pool zone-spanning and user node pools per zone with HPA and KEDA<br>B) Azure Container Instances with Azure Front Door<br>C) App Service for Containers with scaling rules","A) AKS with system node pool zone-spanning and user node pools per zone with HPA and KEDA","AKS system node pool across zones ensures control plane HA. User node pools distributed across zones provide workload resilience. HPA (Horizontal Pod Autoscaler) scales on CPU/memory. KEDA scales on custom metrics (queue depth, etc.). ACI doesn't support Kubernetes orchestration. App Service for Containers limited container orchestration capabilities.","AZ-305 BusinessContinuity HighAvailability"
"A data warehouse on Azure Synapse Analytics (dedicated SQL pool) stores 50 TB of historical sales data with nightly ETL loads. Business requires point-in-time restore capability for 30 days and long-term retention of year-end snapshots for 7 years. Restore must complete within 2 hours.<br><br>A) Automatic restore points with user-defined restore points and long-term backup to Azure Storage<br>B) Azure Backup with Recovery Services Vault<br>C) Geo-redundant storage replication","A) Automatic restore points with user-defined restore points and long-term backup to Azure Storage","Synapse dedicated pools provide automatic restore points every 8 hours (retained 7 days) and support user-defined restore points before critical operations (retained 42 days). Export database before year-end to Azure Storage for 7-year retention. Restore from point completes in 1-2 hours. Azure Backup doesn't support Synapse. GRS replicates data, not point-in-time recovery.","AZ-305 BusinessContinuity BackupRecovery"
"A web application on App Service connects to Azure SQL Database. Business requires 4-hour RPO, 1-hour RTO, and protection against regional failures. Failover must be automatic without manual intervention. Solution must minimize costs during normal operation.<br><br>A) App Service with Traffic Manager and SQL Database with auto-failover groups<br>B) App Service slots with Azure Front Door and SQL geo-replication<br>C) Azure Site Recovery for App Service and SQL mirroring","A) App Service with Traffic Manager and SQL Database with auto-failover groups","Traffic Manager distributes traffic across regional App Service instances. SQL auto-failover groups provide automatic failover of database to secondary region with read-write listener endpoint (application connection string unchanged). Meets RPO/RTO requirements. Slots for staging, not DR. Site Recovery for VMs, not App Service PaaS.","AZ-305 BusinessContinuity BackupRecovery"
"A file server workload stores 20 TB of user home directories on Azure Files Premium. Data must be protected with daily backups retained for 90 days and weekly backups for 5 years. Restores must support granular file-level recovery without restoring entire share.<br><br>A) Azure Backup for Azure Files with retention policies and item-level restore<br>B) Azure Files snapshots with lifecycle management<br>C) Azure Site Recovery with file-level recovery","A) Azure Backup for Azure Files with retention policies and item-level restore","Azure Backup provides policy-based backups (daily, weekly) with flexible retention (90 days, 5 years). Supports item-level restore (individual files/folders) without full share restore. Share snapshots manual and lack long-term retention management. Site Recovery for infrastructure DR, not file backup.","AZ-305 BusinessContinuity BackupRecovery"
"A stateful application on Azure VMs requires crash-consistent backups every 6 hours with 30-day retention. During regional outage, VMs must be restored to secondary region within 2 hours. Backup solution must minimize impact on VM performance.<br><br>A) Azure Backup with snapshot-based incremental backups and cross-region restore<br>B) Azure Site Recovery with replication to secondary region<br>C) Managed disk snapshots with Azure Automation","A) Azure Backup with snapshot-based incremental backups and cross-region restore","Azure Backup uses instant restore snapshots (minimal performance impact) stored locally and vault-standard tier replicated to secondary region. Supports crash-consistent backups every 4 hours (configurable). Cross-region restore enables RTO 2 hours. ASR for continuous replication (lower RTO but higher cost). Manual snapshots lack orchestration and cross-region restore.","AZ-305 BusinessContinuity BackupRecovery"
"A multi-tier application (web, app, database) on Azure VMs must failover to secondary region during disasters with RPO 15 minutes and RTO 4 hours. Failover must be orchestrated across all tiers with automated testing. Solution must support non-disruptive DR testing.<br><br>A) Azure Site Recovery with recovery plans and test failover<br>B) Azure Backup with cross-region restore<br>C) Geo-redundant load balancer with manual failover","A) Azure Site Recovery with recovery plans and test failover","ASR continuously replicates VMs to secondary region (RPO 15 minutes achievable). Recovery plans orchestrate multi-tier failover with sequencing and scripts. Test failover creates isolated environment for DR testing without affecting production. Azure Backup for data restore, not VM failover orchestration. Manual failover doesn't meet RTO requirements.","AZ-305 BusinessContinuity BackupRecovery"
"A NoSQL database on Cosmos DB stores mission-critical application data with 99.999% availability SLA requirement. Data must be readable during regional outages with automatic failover and strong consistency within a region. Business operates in 3 Azure regions.<br><br>A) Cosmos DB with multi-region writes, availability zones, and bounded staleness consistency<br>B) Cosmos DB with single-region write and read regions<br>C) Cosmos DB with session consistency and manual failover","A) Cosmos DB with multi-region writes, availability zones, and bounded staleness consistency","Multi-region writes with availability zones enables 99.999% availability SLA. Bounded staleness consistency provides strong consistency within region (defined staleness window) while enabling multi-region writes. Automatic regional failover. Single-region write provides 99.99% SLA. Session consistency doesn't guarantee strong consistency.","AZ-305 BusinessContinuity HighAvailability"
"A real-time analytics application on Azure Synapse Analytics must remain available during datacenter failures within a region. Data warehouse stores 100 TB with nightly ETL jobs that cannot be interrupted. Solution must provide automatic failover within 5 minutes.<br><br>A) Synapse workspace with zone redundancy cannot meet requirements without additional architecture<br>B) Synapse dedicated SQL pool with geo-restore and Traffic Manager<br>C) Cosmos DB with analytical store","A) Synapse workspace with zone redundancy cannot meet requirements without additional architecture","Synapse dedicated pools don't currently support automatic zone redundancy or fast failover (geo-restore RTO hours, not minutes). Meeting <5 min RTO requires active-active architecture with data replication and manual failover orchestration. Geo-restore is backup-based (slow). This highlights Synapse limitation for HA within single region.","AZ-305 BusinessContinuity HighAvailability"
"A batch processing workload runs nightly ETL jobs processing 10 TB of data over 6 hours on 20 VMs. Jobs run once per day and do not require immediate response. VMs idle 18 hours daily. Solution must minimize compute costs while meeting nightly processing window.<br><br>A) Azure Batch with low-priority VMs and scale sets<br>B) Virtual Machine Scale Sets with deallocate during idle time<br>C) Azure Kubernetes Service with node auto-pause","A) Azure Batch with low-priority VMs and scale sets","Azure Batch optimized for large-scale batch processing with automatic scaling. Low-priority VMs provide up to 80% cost savings vs. standard VMs. Batch manages provisioning and deallocation. VMSS with manual deallocation requires scripting and doesn't optimize batch orchestration. AKS with node auto-pause not supported natively.","AZ-305 Infrastructure ComputeSolutions"
"A CPU-intensive scientific simulation requires 500 cores with RDMA interconnect for MPI workloads, completing in 48 hours. Workload runs quarterly. Solution must provide maximum CPU performance with lowest inter-node latency.<br><br>A) HB-series VMs with InfiniBand in Azure Batch<br>B) FSv2-series VMs with accelerated networking<br>C) Azure Container Instances with high CPU allocation","A) HB-series VMs with InfiniBand in Azure Batch","HB-series VMs purpose-built for HPC with high core count, InfiniBand interconnect (sub-microsecond latency), and RDMA support for MPI. Azure Batch orchestrates large-scale compute. FSv2 lacks InfiniBand RDMA. ACI unsuited for HPC workloads requiring inter-node communication.","AZ-305 Infrastructure ComputeSolutions"
"A containerized application requires running 10,000 short-lived tasks (30 seconds each) triggered by queue messages. Tasks are stateless and do not require orchestration. Solution must minimize costs and start tasks within 5 seconds of queue message arrival.<br><br>A) Azure Container Instances with Container Groups triggered by Azure Functions<br>B) Azure Kubernetes Service with horizontal pod autoscaling<br>C) Azure Container Apps with KEDA queue scaling","A) Azure Container Apps with KEDA queue scaling","Container Apps with KEDA automatically scales containers based on queue depth (0 to N instances). Subsecond cold start. Pay-per-execution pricing for consumption tier. ACI requires manual triggering and slower cold start. AKS over-engineered for event-driven tasks (requires infrastructure management).","AZ-305 Infrastructure ComputeSolutions"
"A legacy .NET Framework application requires Windows Server 2016, specific registry configurations, and COM components. Application must migrate to Azure with minimal refactoring. Solution must support auto-scaling and backup.<br><br>A) Azure Virtual Machines with custom VM images and scale sets<br>B) Azure App Service with Windows containers<br>C) Azure Container Instances with Windows containers","A) Azure Virtual Machines with custom VM images and scale sets","VMs support full Windows Server with registry, COM components, and legacy dependencies. Custom images capture configurations. VM scale sets provide auto-scaling. Azure Backup supports VM backup. App Service Windows containers don't support COM components. ACI unsuited for stateful legacy applications.","AZ-305 Infrastructure ComputeSolutions"
"A microservices application on AKS requires Blue/Green deployments with instant traffic shifting between versions, A/B testing with traffic splitting (90% stable, 10% canary), and automatic rollback on errors. Solution must integrate with existing Kubernetes infrastructure.<br><br>A) Azure Service Mesh (Istio) with virtual services and traffic management<br>B) Azure Traffic Manager with weighted routing<br>C) Kubernetes Deployments with rolling updates","A) Azure Service Mesh (Istio) with virtual services and traffic management","Service mesh (Istio) provides advanced traffic management: traffic splitting percentages, canary deployments, automatic retries/timeouts, and observability. Integrates natively with AKS. Traffic Manager operates at DNS level (slow propagation). K8s rolling updates lack fine-grained traffic control and automatic rollback.","AZ-305 Infrastructure ApplicationArchitecture"
"A distributed application requires asynchronous communication between 20 microservices with guaranteed delivery and ordering per message session. Messages contain order processing data requiring FIFO processing per customer. Peak load reaches 50,000 messages/second.<br><br>A) Azure Service Bus Premium tier with sessions and partitioning<br>B) Azure Event Hubs with consumer groups and partition keys<br>C) Azure Storage Queues with at-least-once delivery","A) Azure Service Bus Premium tier with sessions and partitioning","Service Bus sessions guarantee FIFO ordering per session (customer). Premium tier supports high throughput (50K+ msg/sec) with partitioning. Exactly-once delivery. Event Hubs for event streaming, not message queuing with FIFO guarantees. Storage Queues lack ordering and session support.","AZ-305 Infrastructure MessagingArchitecture"
"A real-time notification system must push events from Azure services (Blob Storage, Event Grid, custom applications) to thousands of subscribers with automatic retry, dead-lettering, and filtering per subscriber based on event attributes. Events must be delivered within 1 second.<br><br>A) Azure Event Grid with event subscriptions and filters<br>B) Azure Service Bus with topic subscriptions<br>C) Azure Event Hubs with consumer groups","A) Azure Event Grid with event subscriptions and filters","Event Grid purpose-built for reactive event distribution with subsecond latency. Native integration with 20+ Azure services. Advanced filtering per subscription. Built-in retry and dead-letter. Service Bus for reliable messaging, not reactive event distribution. Event Hubs for high-throughput ingestion, not fan-out distribution.","AZ-305 Infrastructure EventArchitecture"
"A web API serves 1 million requests per day with response data rarely changing. 80% of requests query the same 100 products. API response time must be <50ms. Backend database query time averages 200ms. Solution must minimize database load.<br><br>A) Azure Cache for Redis with cache-aside pattern and sliding expiration<br>B) Azure API Management with response caching policy<br>C) Application-level in-memory caching","A) Azure Cache for Redis with cache-aside pattern and sliding expiration","Redis provides distributed cache accessible across multiple API instances (unlike in-memory cache). Cache-aside pattern queries cache first, reads DB on miss, populates cache. Sliding expiration keeps hot data cached. APIM response caching limited to gateway level (doesn't reduce backend calls from multiple gateways). In-memory cache not shared across instances.","AZ-305 Infrastructure CachingSolution"
"A microservices application stores configuration (feature flags, connection strings, service endpoints) that changes weekly. 30 services must refresh configuration every 5 minutes without redeployment. Configuration must support versioning and rollback. Secrets must integrate with Key Vault.<br><br>A) Azure App Configuration with feature flags and Key Vault references<br>B) Azure Key Vault with secret versioning<br>C) Azure Storage with JSON configuration files","A) Azure App Configuration with feature flags and Key Vault references","App Configuration provides centralized configuration with dynamic refresh (no redeployment). Feature flag management with targeting rules. Key Vault references for secrets (not stored in App Config). Configuration versioning and point-in-time snapshot. Key Vault for secrets only, not app configuration. Storage files require manual refresh logic.","AZ-305 Infrastructure ApplicationConfiguration"
"A CI/CD pipeline deploys containerized applications to 10 AKS clusters across regions. Deployments must be GitOps-based with automatic reconciliation of cluster state with Git repository. Configuration drift must be detected and corrected automatically. Solution must support progressive delivery strategies.<br><br>A) Azure DevOps with Argo CD and Flux<br>B) Azure Pipelines with kubectl commands<br>C) GitHub Actions with Helm","A) Azure DevOps with Argo CD and Flux","GitOps tools (Argo CD, Flux) continuously monitor Git repository and reconcile cluster state (automatic drift correction). Support progressive delivery (canary, blue/green). Azure Pipelines with kubectl is imperative (no automatic reconciliation). GitHub Actions with Helm lacks continuous reconciliation and drift detection.","AZ-305 Infrastructure ApplicationDeployment"
"A global web application requires intelligent routing of users to the nearest healthy Azure region based on latency, with automatic failover during regional outages. Solution must support priority-based routing with primary region preferred unless unhealthy.<br><br>A) Azure Traffic Manager with performance routing and endpoint monitoring<br>B) Azure Front Door with priority-based routing<br>C) Azure Load Balancer with cross-region support","A) Azure Front Door with priority-based routing","Front Door provides priority-based routing (prefer primary region) with automatic failover based on health probes. SSL offload, WAF, and CDN capabilities included. Traffic Manager uses DNS (slower failover detection). Standard Load Balancer regional only (cross-region LB limited scenarios).","AZ-305 Infrastructure NetworkSolutions"
"An Azure environment with 200 VMs across 10 virtual networks in hub-spoke topology requires centralized egress filtering with threat intelligence and deep packet inspection. All internet-bound traffic must be inspected with logging. Solution must support automatic scaling during traffic spikes.<br><br>A) Azure Firewall Premium with threat intelligence and forced tunneling in hub VNet<br>B) Network Security Groups with service tags<br>C) Network Virtual Appliance with UDRs","A) Azure Firewall Premium with threat intelligence and forced tunneling in hub VNet","Azure Firewall in hub VNet with UDRs in spokes forces all egress through firewall (hub-spoke topology). Premium tier provides threat intelligence, TLS inspection, and IDPS. Auto-scales to handle traffic spikes. NSGs stateless filtering, no deep packet inspection. NVA requires manual scaling and management.","AZ-305 Infrastructure NetworkSecurity"
"A hybrid application requires private connectivity between on-premises datacenter and 50 Azure VNets across 3 regions with transitive routing. On-premises should route to any VNet through single connection. Solution must support 5 Gbps aggregate throughput and BGP route exchange.<br><br>A) ExpressRoute with Virtual WAN hub and spoke<br>B) Site-to-site VPN with Virtual Network Gateway in each VNet<br>C) ExpressRoute with VNet peering mesh","A) ExpressRoute with Virtual WAN hub and spoke","Virtual WAN provides transitive routing across hubs and spokes (on-prem routes to any VNet through WAN hub). Single ExpressRoute connection to WAN hub reaches all spokes. BGP support for dynamic routing. Multiple VPN gateways don't support transitive routing. VNet peering mesh requires full mesh (N*(N-1)/2 peerings, not scalable).","AZ-305 Infrastructure NetworkSolutions"
"A latency-sensitive application requires load balancing across VMs in multiple availability zones with session affinity (same client to same backend). Health probes must check application-level health every 5 seconds. Solution must support both inbound and outbound NAT.<br><br>A) Azure Standard Load Balancer with zone-redundant frontend and health probes<br>B) Azure Application Gateway with cookie-based affinity<br>C) Azure Traffic Manager with geographic routing","A) Azure Standard Load Balancer with zone-redundant frontend and health probes","Standard Load Balancer supports zone redundancy, session affinity (source IP), configurable health probes (5-second interval), and outbound NAT. Low latency (Layer 4). Application Gateway operates at Layer 7 (higher latency). Traffic Manager DNS-based (unsuited for session affinity and zone-level load balancing).","AZ-305 Infrastructure LoadBalancing"
"A web application on App Service requires private access to Azure SQL Database, Storage, and Key Vault without internet exposure. Application must resolve Azure service private IPs using DNS. VNet integration required.<br><br>A) App Service VNet integration with private endpoints and Azure Private DNS zones<br>B) App Service with service endpoints<br>C) Azure Application Gateway with backend pools","A) App Service VNet integration with private endpoints and Azure Private DNS zones","App Service VNet integration enables private connectivity. Private endpoints assign private IPs to SQL, Storage, Key Vault. Azure Private DNS zones provide name resolution to private IPs (e.g., mydb.database.windows.net resolves to 10.0.1.5). Service endpoints don't prevent public IP exposure. Application Gateway for inbound traffic, not outbound private connectivity.","AZ-305 Infrastructure NetworkSolutions"
"An Azure SQL Database migration from on-premises SQL Server 2017 (5 TB, 100 databases) requires minimal downtime (<5 minutes), schema compatibility validation, and automatic rollback capability. Migration must preserve logins, jobs, and alerts.<br><br>A) Azure Database Migration Service with online migration and Azure SQL Managed Instance<br>B) Azure Data Factory with incremental copy to Azure SQL Database<br>C) SQL Server backup/restore to Azure SQL Database","A) Azure Database Migration Service with online migration and Azure SQL Managed Instance","DMS online migration provides near-zero downtime with continuous replication. Managed Instance supports 100% SQL Server compatibility (jobs, logins, alerts). Migration assessment validates compatibility. Cutover supports rollback. Azure SQL Database doesn't support SQL Agent jobs. Backup/restore significant downtime (5 TB).","AZ-305 Infrastructure Migrations"
"A data center decommissioning requires migrating 500 VMs (Windows, Linux, various applications) to Azure within 3 months. Migration must assess dependencies, group workloads, and perform discovery. Solution must minimize refactoring and support wave-based migration.<br><br>A) Azure Migrate with dependency analysis and replication appliance<br>B) Azure Site Recovery with recovery plans<br>C) Azure Data Box with VM disk transfer","A) Azure Migrate with dependency analysis and replication appliance","Azure Migrate provides assessment (dependency mapping, grouping, sizing), agentless discovery, and Azure Site Recovery-based replication. Supports wave-based migration with testing. Aligns with Cloud Adoption Framework. ASR component of Migrate but lacks assessment. Data Box for data transfer, not VM migration.","AZ-305 Infrastructure Migrations"
"A web application with 10 TB SQL Database, 50 TB Blob Storage, and 20 VMs must migrate to Azure with <1 hour downtime. Network bandwidth to Azure is 1 Gbps. Solution must optimize transfer time and minimize costs.<br><br>A) Azure Data Box for initial data transfer with DMS/ASR for final sync<br>B) ExpressRoute with parallel data transfer<br>C) Azure Site Recovery for all workloads","A) Azure Data Box for initial data transfer with DMS/ASR for final sync","Data Box physically transfers 60 TB offline (faster than 1 Gbps network). Database Migration Service and Site Recovery perform final incremental sync during cutover (minimizes downtime to <1 hour). ExpressRoute requires time to provision and doesn't reduce total transfer time significantly. ASR alone slow for 60 TB initial replication over internet.","AZ-305 Infrastructure Migrations"